{
  "extends": [
    "tslint-config-airbnb",
    "tslint:recommended",
    "tslint-react",
    "tslint-config-standard",
    "tslint-config-prettier"
  ],
  "jsRules": {},
  "rulesDirectory": [
    "tslint-plugin-prettier"
  ],
  "rules": {
    "prettier": true,
    "import-name": false,
    "ordered-imports": false,
    "space-within-parens": false,
    "whitespace": false,
    "object-literal-sort-keys": false,
    "no-shadowed-variable": false,
    "no-empty": false,
    "no-empty-interface": false,
    "object-shorthand-properties-first": false,
    "no-string-literal": false,
    "no-console": false,
    "only-arrow-functions": false,
    "triple-equals": true,
    "jsx-no-lambda": false
  },
  "linterOptions": {
    "exclude": [
      "config/**/*.js",
      "node_modules/**/*.ts",
      "coverage/lcov-report/*.js"
    ]
  },
  "defaultSeverity": "error"
}